epoch,train_loss,train_lips,train_acc,valid_acc,valid_verified_1,valid_verified_2,valid_verified_3,valid_oracle,valid_oracle_replace-only,valid_ibp,valid_ibp_replace-only_1,valid_ibp_replace-only_2,valid_ibp_replace-only_3,valid_ibp_1,test_acc
0,996.0420605540276,1,0.6652436974789916,0.658,0.203,0.033,0.006,,,,,,,,0.6535526315789474
1,852.7619172930717,1,0.7030756302521008,0.697,0.298,0.069,0.012,,,,,,,,0.6935526315789474
2,807.4940457344055,1,0.7116470588235294,0.714,0.337,0.109,0.027,,,,,,,,0.6960526315789474
3,784.4110281467438,1,0.7174117647058823,0.712,0.318,0.106,0.029,,,,,,,,
4,770.5300695300102,1,0.7344873949579832,0.733,0.346,0.112,0.027,,,,,,,,0.7221052631578947
5,765.4007440805435,1,0.7329579831932773,0.725,0.345,0.102,0.028,,,,,,,,
6,762.1954153776169,1,0.7301428571428571,0.729,0.355,0.125,0.031,,,,,,,,
